{"cameraMode":{"drawMode":0,"name":"Shaded","section":"Shading Mode"},"sceneLighting":true,"audioPlay":false,"sceneViewState":{"showFog":true,"showMaterialUpdate":false,"showSkybox":true,"showFlares":true,"showImageEffects":true,"showParticleSystems":true},"in2DMode":false,"pivot":{"x":5.283999919891357,"y":2.5513060092926027,"z":2.0},"rotation":{"x":0.14538826048374177,"y":-0.052203502506017688,"z":0.007681256625801325,"w":0.9879748225212097},"size":3.0589072704315187,"orthographic":true}