{"cameraMode":{"drawMode":0,"name":"Shaded","section":"Shading Mode"},"sceneLighting":true,"audioPlay":false,"sceneViewState":{"showFog":true,"showMaterialUpdate":false,"showSkybox":true,"showFlares":true,"showImageEffects":true,"showParticleSystems":true},"in2DMode":false,"pivot":{"x":-2.870790958404541,"y":0.39380979537963869,"z":5.6389265060424809},"rotation":{"x":-0.11484911292791367,"y":0.28825584053993227,"z":-0.03484819829463959,"w":-0.9500026702880859},"size":8.75971794128418,"orthographic":false}